<?xml version="1.0" encoding="utf-8"?>
<resources>
  <string name="app_name">CurrencyAlertApp</string>
  <string-array name="itemSelect_AddToWatchList">
    <item>Option 1</item>
    <item>Option 2 - Next Activity</item>
    <item>Option 3</item>  
  </string-array>

  <string name="Button_Activity2Test">Activity2 Test</string>
  <string name="Button_ChangeColour">Change Colour !</string>
  <string name="ToolbarTopTitle">Menu</string>
  <string name="ToolbarBottomTitle">Refine Data</string>
  <string name="SampleHelloWorldText">Hello World!!!</string>
  <string name="MA_Txt_DataLastUpdated">Data Last Updated: </string>


  <string name="PA_Btn_NoOfSeconds">Start</string>
  <string name="PA_Btn_SetDate">Set Date</string>
  <string name="PA_Btn_SetTime">Set Time</string>
  <string name="PA_Btn_SetPersonalAlert">Set Personal Alert</string>

  <string name="PA_Txt_combinedDateTime">Date and Time Combined</string>
  <string name="PA_Txt_Date">Date:</string>
  <string name="PA_Txt_Time">Time:</string>
  <string name="PA_Txt_OffSetTime">OffSetTime:</string>
  <string name="PA_Txt_NumberOfSeconds">Number of seconds:</string>
</resources>