<?xml version="1.0" encoding="windows-1252"?>
<weeklyevents>
	<event>
		<title>FPI m/m</title>
		<country>NZD</country>
		<date><![CDATA[04-15-2018]]></date>
		<time><![CDATA[10:45pm]]></time>
		<impact><![CDATA[Low]]></impact>
		<forecast />
		<previous><![CDATA[-0.5%]]></previous>
	</event>
	<event>
		<title>Rightmove HPI m/m</title>
		<country>GBP</country>
		<date><![CDATA[04-15-2018]]></date>
		<time><![CDATA[11:01pm]]></time>
		<impact><![CDATA[Low]]></impact>
		<forecast />
		<previous><![CDATA[1.5%]]></previous>
	</event>
	<event>
		<title>WPI m/m</title>
		<country>EUR</country>
		<date><![CDATA[04-16-2018]]></date>
		<time><![CDATA[5:52am]]></time>
		<impact><![CDATA[Low]]></impact>
		<forecast><![CDATA[0.4%]]></forecast>
		<previous><![CDATA[-0.3%]]></previous>
	</event>
	<event>
		<title>PPI m/m</title>
		<country>CHF</country>
		<date><![CDATA[04-16-2018]]></date>
		<time><![CDATA[7:15am]]></time>
		<impact><![CDATA[Medium]]></impact>
		<forecast><![CDATA[0.4%]]></forecast>
		<previous><![CDATA[0.3%]]></previous>
	</event>
	<event>
		<title>Retail Sales m/m</title>
		<country>USD</country>
		<date><![CDATA[04-16-2018]]></date>
		<time><![CDATA[12:30pm]]></time>
		<impact><![CDATA[High]]></impact>
		<forecast><![CDATA[0.4%]]></forecast>
		<previous><![CDATA[-0.1%]]></previous>
	</event>
	<event>
		<title>Core Retail Sales m/m</title>
		<country>USD</country>
		<date><![CDATA[04-16-2018]]></date>
		<time><![CDATA[12:30pm]]></time>
		<impact><![CDATA[High]]></impact>
		<forecast><![CDATA[0.2%]]></forecast>
		<previous><![CDATA[0.2%]]></previous>
	</event>
	<event>
		<title>Empire State Manufacturing Index</title>
		<country>USD</country>
		<date><![CDATA[04-16-2018]]></date>
		<time><![CDATA[12:30pm]]></time>
		<impact><![CDATA[Medium]]></impact>
		<forecast><![CDATA[19.8]]></forecast>
		<previous><![CDATA[22.5]]></previous>
	</event>
	<event>
		<title>CB Leading Index m/m</title>
		<country>GBP</country>
		<date><![CDATA[04-16-2018]]></date>
		<time><![CDATA[1:30pm]]></time>
		<impact><![CDATA[Low]]></impact>
		<forecast />
		<previous><![CDATA[0.0%]]></previous>
	</event>
	<event>
		<title>NAHB Housing Market Index</title>
		<country>USD</country>
		<date><![CDATA[04-16-2018]]></date>
		<time><![CDATA[2:00pm]]></time>
		<impact><![CDATA[Low]]></impact>
		<forecast><![CDATA[71]]></forecast>
		<previous><![CDATA[70]]></previous>
	</event>
	<event>
		<title>Business Inventories m/m</title>
		<country>USD</country>
		<date><![CDATA[04-16-2018]]></date>
		<time><![CDATA[2:00pm]]></time>
		<impact><![CDATA[Low]]></impact>
		<forecast><![CDATA[0.6%]]></forecast>
		<previous><![CDATA[0.6%]]></previous>
	</event>
	<event>
		<title>FOMC Member Bostic Speaks</title>
		<country>USD</country>
		<date><![CDATA[04-16-2018]]></date>
		<time><![CDATA[5:15pm]]></time>
		<impact><![CDATA[Medium]]></impact>
		<forecast />
		<previous />
	</event>
	<event>
		<title>TIC Long-Term Purchases</title>
		<country>USD</country>
		<date><![CDATA[04-16-2018]]></date>
		<time><![CDATA[8:00pm]]></time>
		<impact><![CDATA[Low]]></impact>
		<forecast><![CDATA[52.3B]]></forecast>
		<previous><![CDATA[62.1B]]></previous>
	</event>
	<event>
		<title>Monetary Policy Meeting Minutes</title>
		<country>AUD</country>
		<date><![CDATA[04-17-2018]]></date>
		<time><![CDATA[1:30am]]></time>
		<impact><![CDATA[High]]></impact>
		<forecast />
		<previous />
	</event>
	<event>
		<title>GDP q/y</title>
		<country>CNY</country>
		<date><![CDATA[04-17-2018]]></date>
		<time><![CDATA[2:00am]]></time>
		<impact><![CDATA[High]]></impact>
		<forecast><![CDATA[6.8%]]></forecast>
		<previous><![CDATA[6.8%]]></previous>
	</event>
	<event>
		<title>Industrial Production y/y</title>
		<country>CNY</country>
		<date><![CDATA[04-17-2018]]></date>
		<time><![CDATA[2:00am]]></time>
		<impact><![CDATA[Medium]]></impact>
		<forecast><![CDATA[6.4%]]></forecast>
		<previous><![CDATA[7.2%]]></previous>
	</event>
	<event>
		<title>Retail Sales y/y</title>
		<country>CNY</country>
		<date><![CDATA[04-17-2018]]></date>
		<time><![CDATA[2:00am]]></time>
		<impact><![CDATA[Low]]></impact>
		<forecast><![CDATA[9.7%]]></forecast>
		<previous><![CDATA[9.7%]]></previous>
	</event>
	<event>
		<title>Fixed Asset Investment ytd/y</title>
		<country>CNY</country>
		<date><![CDATA[04-17-2018]]></date>
		<time><![CDATA[2:00am]]></time>
		<impact><![CDATA[Medium]]></impact>
		<forecast><![CDATA[7.7%]]></forecast>
		<previous><![CDATA[7.9%]]></previous>
	</event>
	<event>
		<title>NBS Press Conference</title>
		<country>CNY</country>
		<date><![CDATA[04-17-2018]]></date>
		<time><![CDATA[2:00am]]></time>
		<impact><![CDATA[Medium]]></impact>
		<forecast />
		<previous />
	</event>
	<event>
		<title>Revised Industrial Production m/m</title>
		<country>JPY</country>
		<date><![CDATA[04-17-2018]]></date>
		<time><![CDATA[4:30am]]></time>
		<impact><![CDATA[Low]]></impact>
		<forecast><![CDATA[4.0%]]></forecast>
		<previous><![CDATA[4.1%]]></previous>
	</event>
	<event>
		<title>Average Earnings Index 3m/y</title>
		<country>GBP</country>
		<date><![CDATA[04-17-2018]]></date>
		<time><![CDATA[8:30am]]></time>
		<impact><![CDATA[High]]></impact>
		<forecast><![CDATA[3.0%]]></forecast>
		<previous><![CDATA[2.8%]]></previous>
	</event>
	<event>
		<title>Claimant Count Change</title>
		<country>GBP</country>
		<date><![CDATA[04-17-2018]]></date>
		<time><![CDATA[8:30am]]></time>
		<impact><![CDATA[Medium]]></impact>
		<forecast><![CDATA[13.3K]]></forecast>
		<previous><![CDATA[9.2K]]></previous>
	</event>
	<event>
		<title>Unemployment Rate</title>
		<country>GBP</country>
		<date><![CDATA[04-17-2018]]></date>
		<time><![CDATA[8:30am]]></time>
		<impact><![CDATA[Medium]]></impact>
		<forecast><![CDATA[4.3%]]></forecast>
		<previous><![CDATA[4.3%]]></previous>
	</event>
	<event>
		<title>Trade Balance</title>
		<country>EUR</country>
		<date><![CDATA[04-17-2018]]></date>
		<time><![CDATA[9:00am]]></time>
		<impact><![CDATA[Low]]></impact>
		<forecast><![CDATA[2.23B]]></forecast>
		<previous><![CDATA[-0.09B]]></previous>
	</event>
	<event>
		<title>ZEW Economic Sentiment</title>
		<country>EUR</country>
		<date><![CDATA[04-17-2018]]></date>
		<time><![CDATA[9:00am]]></time>
		<impact><![CDATA[Low]]></impact>
		<forecast><![CDATA[7.3]]></forecast>
		<previous><![CDATA[13.4]]></previous>
	</event>
	<event>
		<title>ZEW Economic Sentiment</title>
		<country>EUR</country>
		<date><![CDATA[04-17-2018]]></date>
		<time><![CDATA[9:00am]]></time>
		<impact><![CDATA[Medium]]></impact>
		<forecast><![CDATA[-0.8]]></forecast>
		<previous><![CDATA[5.1]]></previous>
	</event>
	<event>
		<title>Housing Starts</title>
		<country>USD</country>
		<date><![CDATA[04-17-2018]]></date>
		<time><![CDATA[12:30pm]]></time>
		<impact><![CDATA[Medium]]></impact>
		<forecast><![CDATA[1.27M]]></forecast>
		<previous><![CDATA[1.24M]]></previous>
	</event>
	<event>
		<title>Building Permits</title>
		<country>USD</country>
		<date><![CDATA[04-17-2018]]></date>
		<time><![CDATA[12:30pm]]></time>
		<impact><![CDATA[High]]></impact>
		<forecast><![CDATA[1.33M]]></forecast>
		<previous><![CDATA[1.30M]]></previous>
	</event>
	<event>
		<title>Foreign Securities Purchases</title>
		<country>CAD</country>
		<date><![CDATA[04-17-2018]]></date>
		<time><![CDATA[12:30pm]]></time>
		<impact><![CDATA[Medium]]></impact>
		<forecast><![CDATA[7.24B]]></forecast>
		<previous><![CDATA[5.68B]]></previous>
	</event>
	<event>
		<title>Manufacturing Sales m/m</title>
		<country>CAD</country>
		<date><![CDATA[04-17-2018]]></date>
		<time><![CDATA[12:30pm]]></time>
		<impact><![CDATA[Medium]]></impact>
		<forecast><![CDATA[1.0%]]></forecast>
		<previous><![CDATA[-1.0%]]></previous>
	</event>
	<event>
		<title>Capacity Utilization Rate</title>
		<country>USD</country>
		<date><![CDATA[04-17-2018]]></date>
		<time><![CDATA[1:15pm]]></time>
		<impact><![CDATA[Medium]]></impact>
		<forecast><![CDATA[77.9%]]></forecast>
		<previous><![CDATA[78.1%]]></previous>
	</event>
	<event>
		<title>Industrial Production m/m</title>
		<country>USD</country>
		<date><![CDATA[04-17-2018]]></date>
		<time><![CDATA[1:15pm]]></time>
		<impact><![CDATA[Medium]]></impact>
		<forecast><![CDATA[0.3%]]></forecast>
		<previous><![CDATA[1.1%]]></previous>
	</event>
	<event>
		<title>FOMC Member Williams Speaks</title>
		<country>USD</country>
		<date><![CDATA[04-17-2018]]></date>
		<time><![CDATA[1:15pm]]></time>
		<impact><![CDATA[Medium]]></impact>
		<forecast />
		<previous />
	</event>
	<event>
		<title>FOMC Member Quarles Speaks</title>
		<country>USD</country>
		<date><![CDATA[04-17-2018]]></date>
		<time><![CDATA[2:00pm]]></time>
		<impact><![CDATA[Medium]]></impact>
		<forecast />
		<previous />
	</event>
	<event>
		<title>GDT Price Index</title>
		<country>NZD</country>
		<date><![CDATA[04-17-2018]]></date>
		<time><![CDATA[2:33pm]]></time>
		<impact><![CDATA[Medium]]></impact>
		<forecast />
		<previous><![CDATA[-0.6%]]></previous>
	</event>
	<event>
		<title>FOMC Member Bostic Speaks</title>
		<country>USD</country>
		<date><![CDATA[04-17-2018]]></date>
		<time><![CDATA[9:40pm]]></time>
		<impact><![CDATA[Medium]]></impact>
		<forecast />
		<previous />
	</event>
	<event>
		<title>Trade Balance</title>
		<country>JPY</country>
		<date><![CDATA[04-17-2018]]></date>
		<time><![CDATA[11:50pm]]></time>
		<impact><![CDATA[Low]]></impact>
		<forecast><![CDATA[0.10T]]></forecast>
		<previous><![CDATA[-0.20T]]></previous>
	</event>
	<event>
		<title>MI Leading Index m/m</title>
		<country>AUD</country>
		<date><![CDATA[04-18-2018]]></date>
		<time><![CDATA[12:30am]]></time>
		<impact><![CDATA[Low]]></impact>
		<forecast />
		<previous><![CDATA[0.3%]]></previous>
	</event>
	<event>
		<title>CPI y/y</title>
		<country>GBP</country>
		<date><![CDATA[04-18-2018]]></date>
		<time><![CDATA[8:30am]]></time>
		<impact><![CDATA[High]]></impact>
		<forecast><![CDATA[2.7%]]></forecast>
		<previous><![CDATA[2.7%]]></previous>
	</event>
	<event>
		<title>Core CPI y/y</title>
		<country>GBP</country>
		<date><![CDATA[04-18-2018]]></date>
		<time><![CDATA[8:30am]]></time>
		<impact><![CDATA[Low]]></impact>
		<forecast><![CDATA[2.5%]]></forecast>
		<previous><![CDATA[2.4%]]></previous>
	</event>
	<event>
		<title>RPI y/y</title>
		<country>GBP</country>
		<date><![CDATA[04-18-2018]]></date>
		<time><![CDATA[8:30am]]></time>
		<impact><![CDATA[Medium]]></impact>
		<forecast><![CDATA[3.5%]]></forecast>
		<previous><![CDATA[3.6%]]></previous>
	</event>
	<event>
		<title>PPI Input m/m</title>
		<country>GBP</country>
		<date><![CDATA[04-18-2018]]></date>
		<time><![CDATA[8:30am]]></time>
		<impact><![CDATA[Medium]]></impact>
		<forecast><![CDATA[0.4%]]></forecast>
		<previous><![CDATA[-1.1%]]></previous>
	</event>
	<event>
		<title>PPI Output m/m</title>
		<country>GBP</country>
		<date><![CDATA[04-18-2018]]></date>
		<time><![CDATA[8:30am]]></time>
		<impact><![CDATA[Low]]></impact>
		<forecast><![CDATA[0.1%]]></forecast>
		<previous><![CDATA[0.0%]]></previous>
	</event>
	<event>
		<title>HPI y/y</title>
		<country>GBP</country>
		<date><![CDATA[04-18-2018]]></date>
		<time><![CDATA[8:30am]]></time>
		<impact><![CDATA[Low]]></impact>
		<forecast><![CDATA[5.0%]]></forecast>
		<previous><![CDATA[4.9%]]></previous>
	</event>
	<event>
		<title>Final CPI y/y</title>
		<country>EUR</country>
		<date><![CDATA[04-18-2018]]></date>
		<time><![CDATA[9:00am]]></time>
		<impact><![CDATA[Medium]]></impact>
		<forecast><![CDATA[1.4%]]></forecast>
		<previous><![CDATA[1.4%]]></previous>
	</event>
	<event>
		<title>Final Core CPI y/y</title>
		<country>EUR</country>
		<date><![CDATA[04-18-2018]]></date>
		<time><![CDATA[9:00am]]></time>
		<impact><![CDATA[Low]]></impact>
		<forecast><![CDATA[1.0%]]></forecast>
		<previous><![CDATA[1.0%]]></previous>
	</event>
	<event>
		<title>10-y Bond Auction</title>
		<country>EUR</country>
		<date><![CDATA[04-18-2018]]></date>
		<time><![CDATA[9:42am]]></time>
		<impact><![CDATA[Low]]></impact>
		<forecast />
		<previous><![CDATA[0.60|1.3]]></previous>
	</event>
	<event>
		<title>BOC Monetary Policy Report</title>
		<country>CAD</country>
		<date><![CDATA[04-18-2018]]></date>
		<time><![CDATA[2:00pm]]></time>
		<impact><![CDATA[High]]></impact>
		<forecast />
		<previous />
	</event>
	<event>
		<title>BOC Rate Statement</title>
		<country>CAD</country>
		<date><![CDATA[04-18-2018]]></date>
		<time><![CDATA[2:00pm]]></time>
		<impact><![CDATA[High]]></impact>
		<forecast />
		<previous />
	</event>
	<event>
		<title>Overnight Rate</title>
		<country>CAD</country>
		<date><![CDATA[04-18-2018]]></date>
		<time><![CDATA[2:00pm]]></time>
		<impact><![CDATA[High]]></impact>
		<forecast><![CDATA[1.25%]]></forecast>
		<previous><![CDATA[1.25%]]></previous>
	</event>
	<event>
		<title>Crude Oil Inventories</title>
		<country>USD</country>
		<date><![CDATA[04-18-2018]]></date>
		<time><![CDATA[2:30pm]]></time>
		<impact><![CDATA[High]]></impact>
		<forecast />
		<previous><![CDATA[3.3M]]></previous>
	</event>
	<event>
		<title>BOC Press Conference</title>
		<country>CAD</country>
		<date><![CDATA[04-18-2018]]></date>
		<time><![CDATA[3:15pm]]></time>
		<impact><![CDATA[High]]></impact>
		<forecast />
		<previous />
	</event>
	<event>
		<title>Beige Book</title>
		<country>USD</country>
		<date><![CDATA[04-18-2018]]></date>
		<time><![CDATA[6:00pm]]></time>
		<impact><![CDATA[Low]]></impact>
		<forecast />
		<previous />
	</event>
	<event>
		<title>FOMC Member Dudley Speaks</title>
		<country>USD</country>
		<date><![CDATA[04-18-2018]]></date>
		<time><![CDATA[7:15pm]]></time>
		<impact><![CDATA[Medium]]></impact>
		<forecast />
		<previous />
	</event>
	<event>
		<title>FOMC Member Quarles Speaks</title>
		<country>USD</country>
		<date><![CDATA[04-18-2018]]></date>
		<time><![CDATA[8:15pm]]></time>
		<impact><![CDATA[Medium]]></impact>
		<forecast />
		<previous />
	</event>
	<event>
		<title>CPI q/q</title>
		<country>NZD</country>
		<date><![CDATA[04-18-2018]]></date>
		<time><![CDATA[10:45pm]]></time>
		<impact><![CDATA[High]]></impact>
		<forecast><![CDATA[0.5%]]></forecast>
		<previous><![CDATA[0.1%]]></previous>
	</event>
	<event>
		<title>NAB Quarterly Business Confidence</title>
		<country>AUD</country>
		<date><![CDATA[04-19-2018]]></date>
		<time><![CDATA[1:30am]]></time>
		<impact><![CDATA[Low]]></impact>
		<forecast />
		<previous><![CDATA[6]]></previous>
	</event>
	<event>
		<title>Employment Change</title>
		<country>AUD</country>
		<date><![CDATA[04-19-2018]]></date>
		<time><![CDATA[1:30am]]></time>
		<impact><![CDATA[High]]></impact>
		<forecast><![CDATA[20.3K]]></forecast>
		<previous><![CDATA[17.5K]]></previous>
	</event>
	<event>
		<title>Unemployment Rate</title>
		<country>AUD</country>
		<date><![CDATA[04-19-2018]]></date>
		<time><![CDATA[1:30am]]></time>
		<impact><![CDATA[High]]></impact>
		<forecast><![CDATA[5.5%]]></forecast>
		<previous><![CDATA[5.6%]]></previous>
	</event>
	<event>
		<title>Current Account</title>
		<country>EUR</country>
		<date><![CDATA[04-19-2018]]></date>
		<time><![CDATA[8:00am]]></time>
		<impact><![CDATA[Low]]></impact>
		<forecast><![CDATA[32.3B]]></forecast>
		<previous><![CDATA[37.6B]]></previous>
	</event>
	<event>
		<title>Retail Sales m/m</title>
		<country>GBP</country>
		<date><![CDATA[04-19-2018]]></date>
		<time><![CDATA[8:30am]]></time>
		<impact><![CDATA[High]]></impact>
		<forecast><![CDATA[-0.5%]]></forecast>
		<previous><![CDATA[0.8%]]></previous>
	</event>
	<event>
		<title>10-y Bond Auction</title>
		<country>EUR</country>
		<date><![CDATA[04-19-2018]]></date>
		<time><![CDATA[10:03am]]></time>
		<impact><![CDATA[Low]]></impact>
		<forecast />
		<previous><![CDATA[1.15|1.5]]></previous>
	</event>
	<event>
		<title>10-y Bond Auction</title>
		<country>GBP</country>
		<date><![CDATA[04-19-2018]]></date>
		<time><![CDATA[10:33am]]></time>
		<impact><![CDATA[Low]]></impact>
		<forecast />
		<previous><![CDATA[1.58|2.6]]></previous>
	</event>
	<event>
		<title>FOMC Member Brainard Speaks</title>
		<country>USD</country>
		<date><![CDATA[04-19-2018]]></date>
		<time><![CDATA[12:00pm]]></time>
		<impact><![CDATA[Medium]]></impact>
		<forecast />
		<previous />
	</event>
	<event>
		<title>Unemployment Claims</title>
		<country>USD</country>
		<date><![CDATA[04-19-2018]]></date>
		<time><![CDATA[12:30pm]]></time>
		<impact><![CDATA[Medium]]></impact>
		<forecast><![CDATA[235K]]></forecast>
		<previous><![CDATA[233K]]></previous>
	</event>
	<event>
		<title>ADP Non-Farm Employment Change</title>
		<country>CAD</country>
		<date><![CDATA[04-19-2018]]></date>
		<time><![CDATA[12:30pm]]></time>
		<impact><![CDATA[Low]]></impact>
		<forecast />
		<previous><![CDATA[32.7K]]></previous>
	</event>
	<event>
		<title>Philly Fed Manufacturing Index</title>
		<country>USD</country>
		<date><![CDATA[04-19-2018]]></date>
		<time><![CDATA[12:30pm]]></time>
		<impact><![CDATA[Medium]]></impact>
		<forecast><![CDATA[21.2]]></forecast>
		<previous><![CDATA[22.3]]></previous>
	</event>
	<event>
		<title>FOMC Member Quarles Speaks</title>
		<country>USD</country>
		<date><![CDATA[04-19-2018]]></date>
		<time><![CDATA[1:30pm]]></time>
		<impact><![CDATA[Medium]]></impact>
		<forecast />
		<previous />
	</event>
	<event>
		<title>CB Leading Index m/m</title>
		<country>USD</country>
		<date><![CDATA[04-19-2018]]></date>
		<time><![CDATA[2:00pm]]></time>
		<impact><![CDATA[Low]]></impact>
		<forecast><![CDATA[0.4%]]></forecast>
		<previous><![CDATA[0.6%]]></previous>
	</event>
	<event>
		<title>Natural Gas Storage</title>
		<country>USD</country>
		<date><![CDATA[04-19-2018]]></date>
		<time><![CDATA[2:30pm]]></time>
		<impact><![CDATA[Low]]></impact>
		<forecast />
		<previous><![CDATA[-19B]]></previous>
	</event>
	<event>
		<title>MPC Member Cunliffe Speaks</title>
		<country>GBP</country>
		<date><![CDATA[04-19-2018]]></date>
		<time><![CDATA[4:30pm]]></time>
		<impact><![CDATA[Medium]]></impact>
		<forecast />
		<previous />
	</event>
	<event>
		<title>FOMC Member Mester Speaks</title>
		<country>USD</country>
		<date><![CDATA[04-19-2018]]></date>
		<time><![CDATA[10:45pm]]></time>
		<impact><![CDATA[Medium]]></impact>
		<forecast />
		<previous />
	</event>
	<event>
		<title>National Core CPI y/y</title>
		<country>JPY</country>
		<date><![CDATA[04-19-2018]]></date>
		<time><![CDATA[11:30pm]]></time>
		<impact><![CDATA[Low]]></impact>
		<forecast><![CDATA[0.9%]]></forecast>
		<previous><![CDATA[1.0%]]></previous>
	</event>
	<event>
		<title>Tertiary Industry Activity m/m</title>
		<country>JPY</country>
		<date><![CDATA[04-20-2018]]></date>
		<time><![CDATA[4:30am]]></time>
		<impact><![CDATA[Low]]></impact>
		<forecast><![CDATA[0.1%]]></forecast>
		<previous><![CDATA[-0.6%]]></previous>
	</event>
	<event>
		<title>PPI m/m</title>
		<country>EUR</country>
		<date><![CDATA[04-20-2018]]></date>
		<time><![CDATA[6:00am]]></time>
		<impact><![CDATA[Low]]></impact>
		<forecast><![CDATA[0.2%]]></forecast>
		<previous><![CDATA[-0.1%]]></previous>
	</event>
	<event>
		<title>MPC Member Saunders Speaks</title>
		<country>GBP</country>
		<date><![CDATA[04-20-2018]]></date>
		<time><![CDATA[9:30am]]></time>
		<impact><![CDATA[Medium]]></impact>
		<forecast />
		<previous />
	</event>
	<event>
		<title>Buba President Weidmann Speaks</title>
		<country>EUR</country>
		<date><![CDATA[04-20-2018]]></date>
		<time><![CDATA[11:30am]]></time>
		<impact><![CDATA[Medium]]></impact>
		<forecast />
		<previous />
	</event>
	<event>
		<title>Common CPI y/y</title>
		<country>CAD</country>
		<date><![CDATA[04-20-2018]]></date>
		<time><![CDATA[12:30pm]]></time>
		<impact><![CDATA[Medium]]></impact>
		<forecast />
		<previous><![CDATA[1.9%]]></previous>
	</event>
	<event>
		<title>Core CPI m/m</title>
		<country>CAD</country>
		<date><![CDATA[04-20-2018]]></date>
		<time><![CDATA[12:30pm]]></time>
		<impact><![CDATA[Low]]></impact>
		<forecast />
		<previous><![CDATA[0.7%]]></previous>
	</event>
	<event>
		<title>Core Retail Sales m/m</title>
		<country>CAD</country>
		<date><![CDATA[04-20-2018]]></date>
		<time><![CDATA[12:30pm]]></time>
		<impact><![CDATA[High]]></impact>
		<forecast />
		<previous><![CDATA[0.9%]]></previous>
	</event>
	<event>
		<title>CPI m/m</title>
		<country>CAD</country>
		<date><![CDATA[04-20-2018]]></date>
		<time><![CDATA[12:30pm]]></time>
		<impact><![CDATA[High]]></impact>
		<forecast />
		<previous><![CDATA[0.6%]]></previous>
	</event>
	<event>
		<title>Retail Sales m/m</title>
		<country>CAD</country>
		<date><![CDATA[04-20-2018]]></date>
		<time><![CDATA[12:30pm]]></time>
		<impact><![CDATA[Medium]]></impact>
		<forecast />
		<previous><![CDATA[0.3%]]></previous>
	</event>
	<event>
		<title>Median CPI y/y</title>
		<country>CAD</country>
		<date><![CDATA[04-20-2018]]></date>
		<time><![CDATA[12:30pm]]></time>
		<impact><![CDATA[Medium]]></impact>
		<forecast />
		<previous><![CDATA[2.1%]]></previous>
	</event>
	<event>
		<title>Trimmed CPI y/y</title>
		<country>CAD</country>
		<date><![CDATA[04-20-2018]]></date>
		<time><![CDATA[12:30pm]]></time>
		<impact><![CDATA[Medium]]></impact>
		<forecast />
		<previous><![CDATA[2.1%]]></previous>
	</event>
	<event>
		<title>Consumer Confidence</title>
		<country>EUR</country>
		<date><![CDATA[04-20-2018]]></date>
		<time><![CDATA[2:00pm]]></time>
		<impact><![CDATA[Low]]></impact>
		<forecast><![CDATA[0]]></forecast>
		<previous><![CDATA[0]]></previous>
	</event>
	<event>
		<title>IMF Meetings</title>
		<country>ALL</country>
		<date><![CDATA[04-20-2018]]></date>
		<time><![CDATA[2:15pm]]></time>
		<impact><![CDATA[Low]]></impact>
		<forecast />
		<previous />
	</event>
	<event>
		<title>FOMC Member Williams Speaks</title>
		<country>USD</country>
		<date><![CDATA[04-20-2018]]></date>
		<time><![CDATA[3:15pm]]></time>
		<impact><![CDATA[Medium]]></impact>
		<forecast />
		<previous />
	</event>
	<event>
		<title>IMF Meetings</title>
		<country>ALL</country>
		<date><![CDATA[04-21-2018]]></date>
		<time><![CDATA[2:15pm]]></time>
		<impact><![CDATA[Low]]></impact>
		<forecast />
		<previous />
	</event>
</weeklyevents>
